ID,Reached.on.Time_Y.N
6811,0.45
4320,0.32
5732,0.31
7429,0.52
2191,1.0
8618,0.45
3311,0.41
7221,0.46
3291,0.38
9115,0.36
9396,0.51
663,1.0
6124,0.32
536,1.0
7082,0.46
7699,0.44
8651,0.56
8475,0.33
890,1.0
6596,0.62
3501,0.5
7751,0.34
10896,0.36
6343,0.37
3456,0.3
9417,0.45
9086,0.44
2043,1.0
1940,1.0
1347,1.0
6754,0.61
427,1.0
9503,0.45
9594,0.42
1385,1.0
9641,0.51
1818,1.0
7656,0.47
2805,1.0
6288,0.42
9003,0.32
4759,0.64
9576,0.56
6448,0.53
5603,0.39
891,1.0
5741,0.51
9305,0.41
1785,0.97
9603,0.43
5443,0.38
5328,0.44
3765,0.47
5627,0.6
2939,0.99
2029,1.0
5868,0.49
7647,0.51
8513,0.42
7865,0.41
8186,0.45
10050,0.28
4693,0.54
4560,0.44
7775,0.49
9504,0.43
10480,0.46
2480,1.0
1918,0.91
10685,0.26
9406,0.58
7419,0.56
10895,0.4
9455,0.42
2969,0.97
6935,0.64
8427,0.2
8985,0.18
4318,0.6
515,0.99
4553,0.5
4935,0.54
1161,1.0
10574,0.26
1757,1.0
671,0.93
6335,0.43
10290,0.53
491,1.0
9866,0.4
2672,1.0
823,1.0
9469,0.49
4672,0.47
5762,0.53
2472,1.0
4522,0.49
10447,0.45
8239,0.56
5119,0.36
8126,0.3
6760,0.39
7311,0.5
4407,0.52
3295,0.45
1066,1.0
6055,0.41
5978,0.61
1346,0.95
1762,1.0
3967,0.52
4587,0.44
8148,0.44
3657,0.34
1516,0.99
4397,0.39
4564,0.51
727,1.0
5180,0.49
4233,0.59
6924,0.49
8725,0.32
7969,0.37
3607,0.58
393,0.98
9330,0.45
8392,0.41
4051,0.44
10077,0.32
4482,0.32
4443,0.44
7554,0.34
7048,0.42
7551,0.49
5320,0.55
3581,0.49
2341,1.0
3653,0.52
2279,1.0
2877,0.99
10310,0.39
5088,0.54
10434,0.51
5643,0.32
9754,0.31
6638,0.28
1838,1.0
9138,0.51
10556,0.47
7133,0.54
6033,0.49
7506,0.64
6840,0.53
399,1.0
7741,0.42
1492,1.0
559,1.0
7076,0.59
873,0.99
7500,0.61
7108,0.48
8387,0.61
3051,0.99
5525,0.53
9615,0.35
2503,1.0
8495,0.52
7574,0.32
2772,1.0
8405,0.27
6217,0.47
2920,1.0
417,1.0
8251,0.4
2462,1.0
10438,0.39
8474,0.45
3324,0.34
4428,0.53
7211,0.43
681,1.0
9870,0.46
9541,0.36
10184,0.28
8064,0.38
10615,0.4
98,0.98
4567,0.49
4380,0.31
4892,0.26
506,1.0
9436,0.44
9965,0.36
479,1.0
2222,1.0
516,0.99
6959,0.61
3225,0.66
2315,0.96
6376,0.45
8840,0.61
7546,0.39
3476,0.27
4623,0.3
3001,1.0
566,1.0
7872,0.5
8108,0.49
8173,0.43
8343,0.46
2457,1.0
6826,0.49
3656,0.38
7689,0.47
6074,0.44
3076,1.0
5678,0.56
1493,0.99
10109,0.54
2389,1.0
5282,0.58
10142,0.44
6361,0.34
9889,0.32
1353,1.0
857,1.0
2167,1.0
73,1.0
408,1.0
3971,0.45
9334,0.42
3315,0.53
6964,0.45
2737,1.0
907,1.0
8762,0.45
10591,0.41
1994,0.99
6120,0.51
2179,0.95
7971,0.29
4706,0.59
9034,0.41
7651,0.59
2542,0.96
1666,1.0
4833,0.45
6049,0.57
8650,0.49
2899,1.0
5644,0.54
8178,0.46
8197,0.48
8668,0.54
1182,1.0
5138,0.45
8579,0.51
8761,0.49
5005,0.49
5655,0.64
7226,0.32
2660,1.0
3811,0.48
5408,0.43
8466,0.36
8519,0.38
5152,0.4
7680,0.31
7669,0.53
4555,0.41
10263,0.42
2651,1.0
8131,0.62
9661,0.56
331,1.0
7368,0.41
3144,0.64
2484,0.99
3630,0.4
4956,0.37
5675,0.27
7019,0.4
250,0.98
861,1.0
4176,0.35
9029,0.39
10708,0.46
2477,1.0
10842,0.38
6325,0.41
647,1.0
8515,0.27
2150,0.99
3415,0.38
9488,0.53
8357,0.51
4140,0.32
2948,1.0
8379,0.49
4348,0.43
215,1.0
4122,0.54
3538,0.52
2717,1.0
2182,1.0
1734,1.0
10533,0.38
7328,0.44
6888,0.44
8596,0.52
4461,0.52
2922,1.0
2593,1.0
5530,0.46
6449,0.46
9899,0.6
10010,0.47
469,0.96
1687,1.0
1035,1.0
1865,1.0
9449,0.45
261,1.0
5934,0.21
8230,0.41
1464,1.0
2336,1.0
10360,0.42
8692,0.31
9395,0.44
4611,0.34
6254,0.4
6991,0.53
7713,0.37
10780,0.41
3695,0.48
2128,0.96
8395,0.43
6630,0.46
3687,0.42
10769,0.44
2490,1.0
1999,1.0
2355,1.0
1216,1.0
8394,0.55
9950,0.5
8627,0.46
1904,0.97
7360,0.39
3297,0.39
2753,0.99
4925,0.57
5335,0.43
4904,0.48
2705,1.0
9309,0.36
5157,0.6
4341,0.4
8234,0.28
5250,0.62
9175,0.43
4467,0.42
3249,0.66
3042,1.0
3421,0.6
6155,0.26
27,1.0
9202,0.55
9654,0.53
583,1.0
210,1.0
8778,0.31
3223,0.5
9454,0.31
3859,0.38
9325,0.32
5014,0.68
5902,0.58
10664,0.53
7075,0.5
3740,0.37
8836,0.48
7145,0.45
1977,1.0
7933,0.38
3279,0.55
4563,0.51
7104,0.45
8434,0.46
4003,0.58
8817,0.5
3121,1.0
9778,0.42
8341,0.33
5016,0.61
4392,0.39
1259,1.0
1359,1.0
7679,0.34
3186,0.44
186,1.0
21,1.0
2188,0.99
1174,0.97
9936,0.54
403,1.0
1809,1.0
4139,0.34
6929,0.77
9826,0.17
6934,0.35
715,1.0
4816,0.71
7174,0.5
8069,0.51
1008,1.0
3515,0.48
1946,1.0
6973,0.44
3158,0.53
6975,0.35
10405,0.52
7016,0.56
3040,1.0
6293,0.33
10697,0.42
9412,0.44
2312,0.99
7269,0.46
7490,0.6
9338,0.47
1995,0.96
5887,0.36
3535,0.53
1971,1.0
2450,1.0
748,0.99
4090,0.58
6981,0.31
4491,0.32
6613,0.41
4826,0.35
5571,0.38
9049,0.42
1080,1.0
10673,0.59
5879,0.46
5862,0.3
511,1.0
2453,1.0
10485,0.64
6816,0.39
3199,0.6
6637,0.5
265,0.88
7690,0.27
224,0.97
9002,0.41
8620,0.37
1133,1.0
5680,0.41
1949,1.0
5677,0.38
7501,0.62
6201,0.36
6859,0.28
7234,0.59
8351,0.57
8846,0.22
8339,0.43
8096,0.58
5544,0.5
7448,0.43
7515,0.55
6656,0.5
863,1.0
3514,0.47
4308,0.34
9680,0.39
9336,0.29
195,0.98
7734,0.51
8767,0.54
4163,0.61
3685,0.47
1744,0.99
496,1.0
9519,0.38
9573,0.26
9027,0.4
1417,0.97
5493,0.41
5612,0.54
2166,1.0
9793,0.43
6792,0.52
9143,0.5
6645,0.48
9123,0.47
8171,0.36
1256,1.0
2881,1.0
9769,0.38
8340,0.39
6682,0.52
3613,0.46
4961,0.52
7548,0.4
4507,0.48
1190,1.0
9227,0.5
8683,0.47
6208,0.25
548,0.94
4747,0.4
10585,0.43
969,1.0
9828,0.46
6088,0.34
2539,1.0
5485,0.48
4415,0.51
1286,1.0
8636,0.43
4259,0.46
800,1.0
2016,1.0
2288,0.95
5183,0.4
7851,0.36
10744,0.37
1434,1.0
7620,0.34
5248,0.26
3801,0.58
6906,0.33
2612,1.0
3864,0.44
8028,0.58
10137,0.24
4982,0.41
1260,1.0
9341,0.3
7454,0.71
9624,0.23
7206,0.49
9515,0.53
4834,0.46
1101,1.0
5524,0.39
5395,0.62
2297,1.0
8906,0.5
10946,0.56
6937,0.41
1868,1.0
837,1.0
3710,0.42
9082,0.44
1500,0.92
6291,0.43
5679,0.39
6340,0.26
8830,0.62
2146,1.0
8225,0.35
10717,0.55
8783,0.61
4394,0.57
3102,1.0
10126,0.36
1579,0.99
852,1.0
6014,0.41
8147,0.46
7570,0.42
6163,0.39
10068,0.52
825,0.99
3143,0.57
6898,0.51
8016,0.53
1702,1.0
2551,1.0
6087,0.36
6241,0.6
87,1.0
2102,0.99
1262,0.97
7065,0.16
624,1.0
1077,0.98
4241,0.62
8681,0.34
6636,0.41
10918,0.44
6696,0.44
3978,0.57
3684,0.55
7014,0.43
7409,0.52
6113,0.26
6063,0.37
9638,0.51
1953,1.0
4442,0.37
8202,0.31
10302,0.33
7285,0.43
6988,0.4
5351,0.45
9250,0.42
1064,1.0
5245,0.39
2071,0.99
7866,0.34
4993,0.36
7773,0.23
10163,0.51
505,1.0
7250,0.53
2874,1.0
1399,0.99
8000,0.53
4622,0.52
958,0.99
9109,0.4
1119,1.0
413,0.99
10073,0.33
5303,0.38
3730,0.4
4783,0.4
2381,1.0
7137,0.45
3865,0.43
5830,0.58
7717,0.46
7926,0.34
7528,0.36
8322,0.48
2701,1.0
5185,0.41
347,1.0
5683,0.56
10250,0.43
7638,0.41
8249,0.48
5809,0.45
230,1.0
7089,0.23
7182,0.51
2375,1.0
10524,0.53
2552,1.0
6094,0.43
1764,0.98
10445,0.62
674,1.0
10944,0.59
7772,0.29
8797,0.41
3477,0.35
6496,0.43
6707,0.44
5619,0.48
9623,0.51
9523,0.23
9684,0.29
5861,0.34
4350,0.51
5844,0.55
8695,0.52
1083,0.92
7558,0.6
9260,0.33
6957,0.27
565,1.0
6299,0.5
3919,0.35
9451,0.43
4336,0.19
3401,0.33
6531,0.44
459,1.0
321,1.0
10364,0.44
3976,0.4
528,1.0
1010,0.96
9401,0.38
2014,1.0
8089,0.47
5173,0.51
10706,0.41
6610,0.48
1467,1.0
5292,0.38
280,1.0
4367,0.55
7080,0.45
3705,0.48
7354,0.5
3768,0.44
1673,1.0
10897,0.32
1165,0.95
8113,0.44
6992,0.41
7910,0.21
10645,0.37
8649,0.4
2521,0.98
5448,0.44
4278,0.34
2063,1.0
9023,0.36
8327,0.29
1668,1.0
3198,0.55
5102,0.47
9300,0.41
2749,0.96
8274,0.57
10700,0.54
6268,0.6
9124,0.41
2190,1.0
9971,0.47
10861,0.5
546,1.0
4137,0.5
10558,0.37
3364,0.54
5025,0.63
4742,0.46
6434,0.4
7714,0.6
3348,0.46
8360,0.53
3882,0.2
9224,0.4
8809,0.62
3546,0.43
1562,1.0
5314,0.55
2738,1.0
6628,0.45
9457,0.4
5325,0.32
6048,0.23
9964,0.35
5566,0.42
4167,0.39
6263,0.52
10093,0.49
10266,0.33
7846,0.38
10147,0.64
10356,0.34
10245,0.4
7053,0.35
1922,0.94
643,0.99
2408,1.0
6304,0.5
1134,1.0
6357,0.56
1249,1.0
3844,0.32
10023,0.2
9287,0.37
3508,0.49
1775,0.99
10661,0.37
9262,0.46
4496,0.47
10521,0.38
7576,0.41
2338,1.0
4558,0.58
2169,0.99
6879,0.38
2561,0.95
1747,1.0
3517,0.38
8568,0.39
9241,0.41
3744,0.39
6543,0.53
1091,1.0
4446,0.45
7727,0.71
9429,0.35
10520,0.51
8956,0.4
5066,0.42
9106,0.57
6067,0.62
8407,0.43
5371,0.34
10795,0.34
1100,1.0
5036,0.63
5479,0.52
7996,0.44
3664,0.43
478,0.99
5718,0.31
6213,0.24
1098,1.0
6221,0.6
5447,0.34
562,0.98
5805,0.52
1439,1.0
8102,0.31
7791,0.25
8076,0.48
1778,1.0
1102,0.99
89,1.0
43,1.0
2654,1.0
5048,0.49
10070,0.35
3203,0.52
2257,1.0
4586,0.4
8393,0.49
5807,0.4
9752,0.48
239,1.0
5821,0.3
8637,0.6
5372,0.58
6684,0.36
1857,1.0
3170,0.72
8088,0.24
1007,1.0
10324,0.35
4000,0.28
672,1.0
9288,0.35
3988,0.51
9581,0.44
1043,1.0
9799,0.35
173,1.0
4339,0.36
6799,0.49
1568,1.0
9235,0.48
2178,1.0
6778,0.48
383,1.0
6649,0.49
6471,0.69
1442,1.0
2460,1.0
10145,0.47
5540,0.61
3726,0.46
406,1.0
8231,0.59
7984,0.36
1115,1.0
5246,0.49
10566,0.4
3900,0.32
8383,0.39
7132,0.44
333,1.0
7473,0.6
4945,0.36
10714,0.31
10759,0.68
7474,0.46
1290,0.98
8845,0.62
6137,0.45
1749,1.0
7888,0.44
10448,0.58
3531,0.49
903,1.0
6211,0.41
10613,0.6
5713,0.47
8262,0.3
3069,1.0
2787,1.0
8539,0.5
4735,0.5
1141,0.97
7219,0.38
7148,0.48
4843,0.43
931,0.98
10627,0.49
3187,0.49
9561,0.37
4103,0.36
5202,0.56
3925,0.38
7994,0.44
10703,0.48
5541,0.25
3524,0.45
4468,0.28
158,1.0
10517,0.41
10634,0.29
7533,0.29
2499,1.0
8270,0.53
10176,0.34
6104,0.51
3896,0.43
2019,0.99
10636,0.48
10254,0.45
7033,0.39
6755,0.41
8362,0.42
1229,0.94
551,1.0
3516,0.33
10337,0.43
6456,0.45
8430,0.36
8733,0.25
8570,0.33
7253,0.33
3189,0.59
3805,0.39
2695,1.0
9145,0.5
3084,1.0
8159,0.51
3850,0.4
1017,1.0
2240,1.0
1714,1.0
8640,0.47
5646,0.58
177,1.0
7470,0.49
6385,0.34
3591,0.42
5027,0.48
8561,0.55
4370,0.44
7937,0.32
1509,1.0
4458,0.46
3574,0.44
6780,0.51
3700,0.43
951,0.96
10425,0.59
6823,0.58
6069,0.25
7032,0.43
695,1.0
10586,0.58
7660,0.48
432,0.99
9479,0.42
5338,0.68
2428,1.0
5936,0.57
3961,0.47
5280,0.64
4266,0.45
4151,0.4
97,1.0
8461,0.36
6629,0.21
10502,0.54
2788,0.99
10746,0.48
8433,0.29
1980,1.0
4211,0.59
6884,0.58
7898,0.35
7815,0.43
3468,0.41
10374,0.34
3973,0.52
8436,0.39
10101,0.33
5609,0.34
389,1.0
8607,0.41
2491,0.99
3443,0.44
7859,0.45
10815,0.27
6736,0.29
6530,0.46
9999,0.48
378,1.0
7251,0.4
2876,1.0
468,0.93
1632,1.0
1890,1.0
10022,0.47
4627,0.44
3083,1.0
8787,0.35
8048,0.53
7543,0.38
2722,1.0
8901,0.43
6235,0.41
1662,0.98
10984,0.33
240,0.94
8545,0.27
1330,1.0
6673,0.48
2850,0.99
3379,0.4
10814,0.51
9734,0.61
7010,0.56
8027,0.32
594,1.0
9299,0.47
2872,0.99
7841,0.41
9164,0.31
4478,0.34
3606,0.51
9100,0.77
5495,0.41
9371,0.43
10995,0.34
1699,1.0
446,1.0
5209,0.39
5811,0.54
6875,0.62
10577,0.43
5302,0.56
9282,0.42
1820,1.0
3016,0.97
4205,0.5
8204,0.52
243,1.0
7858,0.5
3789,0.32
190,1.0
10097,0.51
2376,1.0
10830,0.42
666,1.0
1564,1.0
8409,0.44
7951,0.51
3830,0.46
7103,0.37
4908,0.39
4584,0.39
6468,0.15
7238,0.48
10079,0.53
4462,0.57
9026,0.56
10407,0.51
9780,0.43
5681,0.42
926,0.99
2259,1.0
6021,0.55
10280,0.34
5094,0.49
7991,0.44
5422,0.51
6855,0.49
5231,0.49
6144,0.5
5639,0.31
3696,0.45
9383,0.34
9203,0.39
7666,0.52
6171,0.38
400,1.0
8079,0.3
3350,0.37
154,1.0
9339,0.24
2653,1.0
927,1.0
9422,0.54
3471,0.45
10499,0.5
7736,0.54
1698,1.0
9323,0.59
10440,0.5
922,1.0
2780,1.0
2111,1.0
6461,0.28
1163,1.0
3340,0.39
2829,0.98
10879,0.36
4538,0.45
5596,0.43
2621,1.0
2223,1.0
5614,0.52
1316,1.0
5663,0.49
3776,0.62
6315,0.45
5497,0.41
1376,1.0
2883,1.0
4260,0.51
1772,0.97
10860,0.35
1858,0.99
1834,0.98
5323,0.38
1380,0.99
10775,0.44
2956,1.0
99,0.95
6162,0.49
2528,0.98
8776,0.43
5181,0.25
8924,0.43
6598,0.52
8785,0.43
10149,0.4
10488,0.34
10075,0.44
3639,0.51
7265,0.36
6112,0.52
6023,0.49
6761,0.43
6216,0.41
7282,0.37
7782,0.45
3829,0.59
4376,0.33
8258,0.36
9557,0.43
5201,0.4
2256,1.0
793,0.99
9152,0.39
8263,0.48
7560,0.6
1222,1.0
6458,0.62
9431,0.39
4963,0.38
9166,0.42
4575,0.42
6352,0.42
8485,0.48
2957,1.0
9149,0.58
9536,0.47
10255,0.5
2863,1.0
8207,0.51
1682,1.0
5662,0.36
3105,1.0
8464,0.44
786,1.0
10444,0.44
2888,1.0
9118,0.27
7489,0.55
3637,0.5
5029,0.51
5554,0.46
7159,0.26
9521,0.46
5337,0.56
4603,0.34
935,0.99
7001,0.53
5729,0.43
7208,0.46
5341,0.56
6091,0.38
7995,0.63
10410,0.33
7719,0.77
3156,0.5
3526,0.55
8199,0.42
1905,0.95
6767,0.53
10080,0.49
1755,0.9
6734,0.46
1765,0.99
7507,0.47
784,0.99
581,1.0
5847,0.54
1365,1.0
9298,0.3
8463,0.36
5597,0.6
3871,0.56
8378,0.52
2603,1.0
6301,0.3
6759,0.31
5469,0.4
8504,0.42
9085,0.49
7264,0.36
751,1.0
5558,0.36
4668,0.37
3822,0.43
4483,0.6
3505,0.46
9880,0.63
3901,0.5
5983,0.48
8927,0.34
8958,0.3
1225,0.99
3802,0.34
9074,0.46
5481,0.41
3681,0.42
9921,0.44
3139,0.72
2013,1.0
2720,1.0
16,1.0
4842,0.43
5137,0.52
4179,0.34
6207,0.43
2951,0.89
7347,0.39
8577,0.24
4942,0.46
5743,0.35
9940,0.48
10040,0.39
652,1.0
1248,1.0
713,1.0
6396,0.47
10828,0.52
1811,1.0
6073,0.45
1078,1.0
7414,0.48
6180,0.23
9613,0.39
1016,1.0
8311,0.29
3878,0.71
303,1.0
747,1.0
3910,0.42
2292,1.0
3924,0.36
3819,0.54
4091,0.6
1431,0.89
8421,0.39
3513,0.31
6215,0.51
7177,0.56
6116,0.28
9256,0.4
9604,0.37
7262,0.48
10339,0.45
7696,0.54
1722,1.0
7445,0.6
4571,0.21
8622,0.33
5387,0.46
3977,0.53
9101,0.53
4637,0.6
9104,0.49
4145,0.46
2505,0.99
4775,0.41
9099,0.43
6587,0.36
10367,0.41
6843,0.42
6739,0.39
4901,0.52
3868,0.51
4636,0.41
9063,0.5
8972,0.39
7627,0.42
9783,0.35
5576,0.29
6105,0.43
10285,0.36
2752,0.99
2989,0.95
9527,0.38
5402,0.48
2180,0.89
8269,0.64
8693,0.58
10449,0.53
10433,0.53
3662,0.37
31,1.0
1614,1.0
2094,0.96
3392,0.35
8867,0.48
9135,0.48
2841,1.0
5852,0.42
5018,0.44
370,1.0
8754,0.66
5970,0.59
7738,0.53
3818,0.57
5125,0.22
4026,0.44
3578,0.37
2134,1.0
2522,0.98
3245,0.51
2090,1.0
6379,0.37
5376,0.5
3465,0.49
2002,1.0
8965,0.45
9212,0.26
9833,0.41
10722,0.27
7742,0.44
4364,0.5
9467,0.47
3432,0.48
7220,0.58
2515,0.97
6625,0.38
8390,0.35
2172,0.99
2636,1.0
731,1.0
7513,0.42
9717,0.22
6856,0.5
4427,0.47
9701,0.41
8059,0.36
8882,0.48
480,1.0
3938,0.37
3772,0.37
6885,0.65
3608,0.53
2870,1.0
7306,0.5
2673,0.99
8255,0.47
4514,0.47
386,1.0
4438,0.37
9841,0.26
6160,0.56
3940,0.33
6757,0.48
4109,0.39
9935,0.52
4466,0.36
906,1.0
6174,0.61
6716,0.48
939,0.97
9070,0.41
10414,0.41
10317,0.49
2643,1.0
3263,0.44
6131,0.58
4274,0.38
3116,1.0
6919,0.34
9980,0.5
5859,0.42
728,1.0
9759,0.17
6900,0.53
82,0.99
8308,0.31
7983,0.33
9331,0.33
8701,0.43
7361,0.4
8279,0.44
8708,0.36
5004,0.46
3954,0.37
2456,1.0
8168,0.45
1398,0.98
1851,1.0
4431,0.36
3104,1.0
9218,0.37
4818,0.64
9608,0.36
5107,0.31
3596,0.31
10260,0.5
834,1.0
402,1.0
8779,0.62
9189,0.34
9255,0.45
8813,0.47
392,1.0
10525,0.5
10199,0.54
2557,1.0
1181,0.95
1670,1.0
10426,0.39
9813,0.55
5584,0.32
325,1.0
10602,0.46
10172,0.43
8056,0.39
10055,0.39
9791,0.26
3403,0.37
8702,0.53
64,1.0
6617,0.56
7804,0.57
6140,0.55
1965,0.98
10115,0.34
3059,1.0
4297,0.41
9737,0.35
1429,0.98
6866,0.55
4429,0.3
9352,0.58
7141,0.44
4701,0.4
3709,0.23
1308,1.0
4015,0.39
10581,0.35
10474,0.66
5207,0.5
3559,0.53
5722,0.44
3649,0.37
8184,0.46
1526,1.0
6406,0.47
7020,0.56
1697,1.0
2303,1.0
9130,0.37
9611,0.46
5966,0.59
2979,1.0
6623,0.56
2413,0.96
5317,0.5
47,0.99
723,0.97
1068,1.0
4021,0.42
3540,0.37
4333,0.29
3141,0.7
1985,1.0
8955,0.45
8382,0.44
7178,0.43
4471,0.55
10397,0.41
2567,0.98
4323,0.42
10696,0.46
3777,0.54
9798,0.45
2862,0.99
5252,0.45
7768,0.37
5230,0.4
9134,0.6
8877,0.5
6153,0.54
10072,0.42
538,1.0
5690,0.49
7249,0.54
5435,0.36
5545,0.35
1475,1.0
1664,1.0
1006,1.0
2044,1.0
2,1.0
6715,0.39
3782,0.3
10,1.0
4773,0.5
3982,0.31
1956,1.0
8616,0.34
8355,0.21
3360,0.4
3923,0.4
6482,0.58
3714,0.61
10522,0.44
3052,1.0
3450,0.24
1063,1.0
3285,0.59
10720,0.42
1009,1.0
1465,1.0
4337,0.29
7654,0.54
10159,0.39
1760,0.99
3173,0.51
1817,1.0
5142,0.52
8116,0.45
6487,0.61
8540,0.49
8278,0.44
3851,0.38
5739,0.45
95,1.0
6804,0.32
2583,0.99
1743,1.0
7672,0.5
3545,0.62
10644,0.37
6969,0.32
2858,0.96
7498,0.49
2374,1.0
9763,0.37
7057,0.38
758,0.99
8240,0.34
10949,0.33
3697,0.6
1685,1.0
9180,0.5
4741,0.38
10372,0.46
5912,0.28
7667,0.47
6627,0.37
4116,0.46
3861,0.31
5737,0.31
2306,1.0
4231,0.37
6135,0.32
1123,1.0
7135,0.38
5474,0.63
9767,0.3
9125,0.48
6261,0.62
6931,0.63
6520,0.49
7810,0.43
1383,0.99
5836,0.54
3986,0.47
10278,0.38
1473,1.0
7941,0.3
9375,0.43
2789,1.0
4041,0.44
3920,0.32
2229,1.0
1885,1.0
7557,0.4
552,1.0
2196,1.0
156,1.0
1903,0.99
7477,0.49
2965,1.0
7186,0.39
10695,0.45
8520,0.43
2751,0.99
297,1.0
7953,0.33
3753,0.34
7237,0.36
6360,0.41
4216,0.32
5358,0.41
10530,0.52
462,1.0
995,0.99
10358,0.57
8933,0.35
6535,0.4
9843,0.42
5253,0.56
567,0.99
8483,0.44
8019,0.34
10674,0.37
9834,0.41
10494,0.33
610,1.0
439,1.0
2393,0.94
4414,0.41
1578,1.0
9903,0.33
302,1.0
2322,1.0
10160,0.49
8744,0.34
7241,0.5
2684,1.0
5193,0.45
155,0.96
5947,0.48
9917,0.25
10764,0.6
9140,0.63
4153,0.41
5083,0.32
2596,1.0
2600,1.0
2746,1.0
818,1.0
9993,0.47
3991,0.42
5960,0.41
4115,0.47
3238,0.54
7968,0.4
7591,0.32
4830,0.26
2495,1.0
1691,1.0
2811,0.99
3992,0.56
1121,1.0
10362,0.22
2474,1.0
8101,0.39
5742,0.49
8536,0.37
8775,0.48
4618,0.31
2958,0.95
8583,0.45
6187,0.44
1659,0.99
232,1.0
4132,0.47
3541,0.51
5432,0.49
3029,0.99
5089,0.47
3219,0.34
7160,0.55
9313,0.37
9755,0.47
6249,0.34
10623,0.36
2407,1.0
10389,0.54
422,1.0
10832,0.5
10246,0.44
2523,1.0
3107,1.0
5127,0.21
6592,0.41
8473,0.46
2889,1.0
6725,0.37
9208,0.32
3522,0.39
9509,0.25
716,0.99
8968,0.52
7797,0.49
8190,0.33
9043,0.53
4033,0.44
381,1.0
9922,0.64
4572,0.34
5849,0.54
1877,1.0
7538,0.47
7730,0.49
2021,1.0
3791,0.37
2171,1.0
6555,0.52
9962,0.47
5628,0.53
3914,0.49
2445,1.0
8973,0.41
757,0.94
908,1.0
7907,0.44
8745,0.5
4839,0.36
10064,0.5
10902,0.4
10999,0.44
4905,0.31
1000,1.0
2289,0.99
10095,0.37
1039,0.99
3402,0.3
4523,0.47
4784,0.36
7726,0.44
10523,0.61
1954,0.99
3690,0.48
3719,0.59
2750,0.99
7697,0.49
8989,0.61
3221,0.62
10368,0.43
8892,0.42
6337,0.48
329,1.0
2278,1.0
7018,0.66
7446,0.39
6698,0.34
5108,0.35
3006,1.0
613,1.0
9156,0.4
237,1.0
203,1.0
453,1.0
2544,1.0
4250,0.4
6904,0.55
645,1.0
10400,0.5
8092,0.36
3520,0.52
9770,0.6
8374,0.37
6138,0.35
2759,1.0
10913,0.69
5782,0.46
706,0.99
7272,0.47
10269,0.4
6353,0.46
3094,1.0
5551,0.32
4251,0.45
9028,0.33
4923,0.47
7376,0.53
5703,0.46
5381,0.36
5212,0.27
116,0.99
10652,0.41
1936,1.0
4479,0.37
5839,0.32
4271,0.32
8050,0.47
41,1.0
8020,0.36
9006,0.58
3294,0.51
7235,0.38
9678,0.68
7974,0.51
5650,0.47
7767,0.26
769,0.99
1421,0.98
7318,0.56
8402,0.27
3966,0.4
316,1.0
8576,0.45
1602,1.0
9689,0.38
3543,0.58
591,1.0
5011,0.39
4317,0.54
2320,1.0
8655,0.42
5333,0.47
10678,0.55
9322,0.27
990,1.0
3939,0.33
10662,0.25
2476,1.0
10019,0.35
9204,0.33
10432,0.45
3542,0.39
1310,1.0
3005,1.0
3980,0.48
2796,0.95
7274,0.47
3931,0.42
9925,0.34
8271,0.38
1898,0.99
1025,0.99
8721,0.41
6464,0.48
9283,0.49
1726,0.96
495,0.99
1145,1.0
7614,0.66
3732,0.47
4617,0.49
426,1.0
5243,0.49
2008,1.0
10641,0.42
8189,0.44
1451,0.99
2576,0.99
3351,0.33
9092,0.37
8664,0.35
146,0.99
340,1.0
9291,0.34
10387,0.45
2017,1.0
9706,0.46
1727,1.0
4732,0.33
9758,0.57
9091,0.47
6672,0.51
10384,0.45
6693,0.39
1974,1.0
10743,0.39
5010,0.43
8559,0.28
8493,0.41
8705,0.43
9674,0.58
2779,1.0
1264,0.98
6568,0.45
4529,0.51
3275,0.36
9951,0.46
4276,0.51
1197,1.0
9108,0.38
5118,0.64
10378,0.4
5636,0.46
9154,0.57
10961,0.62
2648,1.0
10289,0.47
1230,1.0
10471,0.64
4862,0.52
584,1.0
1805,1.0
914,1.0
8215,0.38
5938,0.42
2357,1.0
1709,1.0
2050,1.0
7583,0.33
2837,1.0
7754,0.53
4351,0.48
5795,0.5
2273,1.0
4605,0.33
1533,1.0
3964,0.48
4917,0.37
488,1.0
1649,0.94
4837,0.48
7000,0.44
5444,0.43
5617,0.38
10680,0.45
9695,0.48
8468,0.55
9977,0.36
1989,0.99
1079,1.0
8066,0.42
6462,0.5
6117,0.52
4012,0.42
9506,0.38
1139,1.0
1195,1.0
1619,1.0
1060,1.0
8002,0.39
9817,0.47
8757,0.53
9307,0.49
15,1.0
9585,0.4
3208,0.53
10691,0.33
2065,0.97
7786,0.56
1646,0.99
5749,0.56
7301,0.53
10852,0.35
4929,0.48
7801,0.34
6401,0.59
7981,0.41
8603,0.5
5403,0.37
8111,0.43
9311,0.51
707,1.0
630,1.0
6022,0.45
10292,0.37
9400,0.42
9953,0.36
1947,0.96
4255,0.48
10868,0.34
10417,0.37
740,1.0
4489,0.4
10596,0.54
8567,0.46
10777,0.5
2986,0.98
3339,0.49
1735,1.0
4247,0.47
4876,0.65
9394,0.33
10066,0.47
3625,0.39
9715,0.38
10693,0.44
6586,0.37
5908,0.19
3310,0.56
5758,0.38
5446,0.4
4997,0.64
10748,0.33
9804,0.3
10161,0.25
1020,1.0
6646,0.49
8995,0.44
3616,0.46
4746,0.39
5574,0.47
9973,0.27
6833,0.63
3583,0.59
3554,0.45
2097,1.0
625,1.0
2988,0.88
3742,0.42
10371,0.46
10297,0.45
8982,0.57
789,1.0
2221,0.97
3539,0.56
3377,0.35
5984,0.5
1364,1.0
5931,0.33
2079,0.9
10283,0.63
8226,0.51
2995,0.99
4787,0.54
10307,0.35
6545,0.33
8508,0.55
4025,0.36
608,1.0
5898,0.55
7931,0.45
8609,0.49
6880,0.56
10779,0.51
9960,0.43
8114,0.48
6172,0.64
4182,0.41
6731,0.39
8123,0.35
10380,0.34
9499,0.55
1173,1.0
7536,0.58
6678,0.5
2527,1.0
4541,0.4
4283,0.22
9948,0.34
9532,0.34
4914,0.41
1202,0.99
10916,0.53
5227,0.43
226,1.0
9066,0.51
5552,0.44
6980,0.6
9975,0.47
9697,0.72
6147,0.55
5905,0.45
5440,0.31
6933,0.2
263,0.97
8509,0.48
7809,0.15
10123,0.44
2709,0.98
4754,0.44
7853,0.51
5439,0.48
10089,0.48
2231,1.0
9583,0.45
3370,0.54
9035,0.47
10600,0.33
10698,0.44
7998,0.44
8024,0.38
848,1.0
2424,0.99
7993,0.43
9473,0.33
2163,1.0
9147,0.55
1164,1.0
65,0.99
9800,0.5
3551,0.48
4310,0.36
1192,0.99
7100,0.4
1166,1.0
8082,0.37
465,1.0
9645,0.41
4980,0.34
4677,0.34
3821,0.45
5170,0.41
9775,0.42
3261,0.41
8963,0.67
8049,0.3
8467,0.44
4059,0.29
5918,0.47
10660,0.44
1334,1.0
4396,0.34
1881,1.0
10957,0.48
9502,0.35
1717,0.99
5561,0.34
709,1.0
9150,0.48
3282,0.37
8602,0.44
4196,0.49
1522,0.96
3447,0.37
1783,0.99
9878,0.38
1770,1.0
3232,0.47
3459,0.27
2894,1.0
1582,1.0
3008,1.0
2290,1.0
8589,0.29
8307,0.38
3378,0.32
4114,0.43
5801,0.34
10663,0.59
1976,1.0
7197,0.32
804,0.98
4854,0.45
8755,0.44
435,1.0
4230,0.43
5620,0.41
5560,0.37
2216,1.0
6597,0.6
8591,0.51
10162,0.48
6272,0.56
1331,1.0
2860,1.0
1676,1.0
1088,1.0
7700,0.43
7406,0.47
3985,0.38
77,1.0
1304,1.0
1501,1.0
5622,0.5
10420,0.41
5135,0.49
1159,1.0
8937,0.2
5355,0.44
5963,0.45
6463,0.53
7549,0.46
2032,0.99
5687,0.57
5649,0.52
2055,1.0
726,1.0
3349,0.57
2545,1.0
3780,0.54
756,1.0
9846,0.48
5691,0.43
10239,0.58
5733,0.37
8272,0.56
2827,1.0
10173,0.35
6108,0.43
6065,0.34
8812,0.35
8280,0.65
8866,0.52
3231,0.41
5600,0.4
9453,0.46
6460,0.28
5629,0.4
5591,0.55
8919,0.58
2624,1.0
4642,0.43
7956,0.53
2548,1.0
8127,0.33
7225,0.45
5514,0.51
3499,0.43
878,0.99
3941,0.5
10241,0.43
3979,0.47
6735,0.34
10813,0.42
7444,0.27
2799,1.0
6346,0.56
5126,0.35
5772,0.58
6064,0.48
781,1.0
3552,0.46
5776,0.44
9081,0.32
2518,1.0
7752,0.45
3747,0.45
3713,0.57
8574,0.66
4652,0.36
3100,1.0
7031,0.53
2494,0.99
272,1.0
519,1.0
6085,0.36
1555,0.98
2710,0.97
1391,1.0
7310,0.4
3317,0.48
2075,0.99
1277,1.0
8678,0.39
3803,0.47
3677,0.51
3512,0.4
7803,0.42
5211,0.44
3994,0.38
10185,0.52
1998,0.97
2625,1.0
1246,1.0
9294,0.47
3945,0.39
7126,0.43
5689,0.3
1474,1.0
90,1.0
5165,0.47
1053,0.99
3704,0.48
830,1.0
4551,0.4
7386,0.4
20,1.0
7593,0.26
9545,0.19
6273,0.32
8978,0.28
2857,1.0
10845,0.39
4828,0.45
6446,0.64
6246,0.55
3600,0.49
8699,0.39
2115,1.0
2558,0.99
8119,0.43
8880,0.36
10300,0.42
4556,0.61
4398,0.36
9705,0.43
6030,0.49
3434,0.74
1763,1.0
4273,0.44
6250,0.34
7134,0.45
1489,1.0
7403,0.57
3946,0.53
5359,0.43
7395,0.31
9560,0.34
9531,0.27
9553,0.44
3086,1.0
9679,0.43
10742,0.3
6796,0.39
2680,1.0
8614,0.57
7380,0.42
537,1.0
8205,0.43
2905,1.0
3845,0.39
1168,1.0
9655,0.38
5158,0.57
2848,1.0
4646,0.48
4038,0.36
5392,0.52
2207,0.97
7864,0.3
5557,0.42
2784,0.95
5810,0.45
10053,0.24
7111,0.4
9643,0.43
5336,0.35
5457,0.46
10091,0.41
4232,0.31
7323,0.19
6452,0.62
2685,0.99
193,0.95
10529,0.54
5006,0.39
9317,0.36
5766,0.5
8794,0.35
1742,1.0
7640,0.45
5815,0.51
6000,0.51
4719,0.4
2769,1.0
8243,0.43
8228,0.49
7703,0.35
6181,0.48
4781,0.6
2034,0.99
2364,0.99
8923,0.33
669,1.0
5860,0.4
7684,0.47
8949,0.3
1723,0.96
3618,0.46
871,1.0
3065,0.94
10964,0.4
8211,0.43
5740,0.45
8663,0.68
4509,0.31
952,1.0
84,1.0
4100,0.35
5725,0.44
1251,1.0
8453,0.37
3549,0.39
8855,0.35
10658,0.54
6307,0.52
10907,0.46
4776,0.43
8942,0.48
3132,1.0
5065,0.26
5547,0.26
628,0.99
8780,0.52
4675,0.31
9858,0.51
5731,0.38
6086,0.41
9952,0.48
1573,0.99
9344,0.49
8039,0.41
10977,0.52
9562,0.45
10001,0.46
9835,0.23
7534,0.48
8246,0.35
3323,0.47
1469,1.0
1321,1.0
4639,0.5
9065,0.46
6517,0.54
8154,0.4
1893,0.99
8971,0.46
5971,0.35
163,1.0
6010,0.47
3766,0.46
5092,0.55
4865,0.43
299,1.0
1407,0.93
2674,1.0
3995,0.62
6016,0.45
8177,0.5
2595,0.99
9252,0.38
7336,0.32
8134,0.48
8157,0.28
10709,0.4
4971,0.55
5008,0.34
2865,1.0
1924,1.0
4751,0.54
9815,0.43
1497,1.0
6849,0.5
6267,0.44
4440,0.74
2153,1.0
219,1.0
10798,0.3
10537,0.52
8915,0.41
8747,0.39
1443,1.0
7340,0.47
3237,0.53
6557,0.44
1695,1.0
9045,0.34
8890,0.45
1483,1.0
8359,0.5
6620,0.57
110,1.0
532,1.0
3027,1.0
10422,0.47
2859,0.99
7333,0.5
9054,0.41
5707,0.47
10043,0.54
267,0.95
7585,0.42
7309,0.41
862,1.0
8037,0.4
300,1.0
1343,0.96
6542,0.63
3355,0.31
3902,0.58
3226,0.61
10004,0.41
6648,0.68
7497,0.63
2835,1.0
587,1.0
4048,0.59
3781,0.52
6998,0.52
1642,1.0
7275,0.51
5454,0.42
2617,1.0
8139,0.44
2108,1.0
554,0.99
1150,1.0
10401,0.49
2613,1.0
1622,0.99
4900,0.45
10063,0.43
6260,0.37
4543,0.4
8259,0.5
1786,1.0
10849,0.34
1908,0.97
6358,0.59
5345,0.36
433,0.99
10883,0.36
2135,1.0
1076,1.0
4700,0.51
9097,0.44
5186,0.41
1386,0.99
641,0.97
9093,0.32
5470,0.5
10338,0.43
4717,0.34
1116,1.0
9692,0.53
7047,0.35
5664,0.53
3692,0.46
690,1.0
10945,0.51
9776,0.44
6753,0.43
9474,0.28
5500,0.57
9157,0.42
9898,0.23
10191,0.34
4933,0.5
3142,0.57
3227,0.56
7154,0.69
2482,1.0
4078,0.28
10829,0.43
10959,0.53
4851,0.41
4120,0.44
5200,0.38
1536,1.0
289,1.0
6075,0.23
10508,0.35
3838,0.41
4885,0.6
4655,0.55
5605,0.47
8524,0.36
10553,0.32
10974,0.25
10785,0.46
2330,1.0
362,0.99
1967,1.0
6040,0.41
1477,1.0
9987,0.55
1238,0.97
9301,0.37
5719,0.47
282,1.0
2247,1.0
3345,0.52
6514,0.46
6240,0.35
4621,0.38
10287,0.44
1553,1.0
8844,0.32
4183,0.51
6878,0.38
6995,0.69
4608,0.27
7038,0.29
4074,0.46
5697,0.31
10853,0.5
9731,0.49
8710,0.43
5304,0.46
1978,1.0
8276,0.64
1382,1.0
851,0.97
5451,0.48
3495,0.53
1587,1.0
4201,0.44
4736,0.49
7973,0.59
7268,0.49
10442,0.4
2177,1.0
3070,0.97
6450,0.58
5981,0.61
8364,0.37
2304,1.0
1040,1.0
3467,0.54
3089,0.95
10212,0.55
2853,1.0
102,1.0
1297,1.0
245,0.83
10347,0.5
2161,1.0
9913,0.54
5375,0.27
10194,0.28
5026,0.64
2509,1.0
1657,1.0
10037,0.52
1014,1.0
4460,0.44
8143,0.56
5537,0.42
4381,0.5
9512,0.55
7094,0.57
4844,0.65
1667,1.0
5760,0.42
10264,0.27
8105,0.41
4353,0.46
7423,0.28
4752,0.49
8849,0.45
23,0.92
8498,0.44
3783,0.27
6362,0.51
10875,0.33
4978,0.48
7948,0.57
1972,1.0
2682,1.0
9349,0.36
1860,1.0
1314,1.0
6025,0.56
4530,0.4
7392,0.5
9271,0.42
1966,1.0
1054,1.0
1848,0.96
9888,0.37
687,0.99
7778,0.64
4938,0.52
5197,0.3
2057,0.99
7985,0.5
8283,0.29
3779,0.39
6798,0.4
10469,0.69
2959,1.0
979,1.0
7677,0.4
10976,0.26
10500,0.56
3614,0.38
9956,0.61
7784,0.46
178,1.0
4071,0.44
2818,0.97
9308,0.32
10118,0.57
5974,0.46
2113,0.99
9319,0.58
7893,0.35
2896,0.96
1917,1.0
983,1.0
10418,0.48
4871,0.44
5287,0.22
9547,0.25
5952,0.67
869,1.0
1055,1.0
5848,0.53
4240,0.45
846,1.0
9618,0.35
3891,0.47
10135,0.49
8684,0.49
1729,0.96
10130,0.44
1715,1.0
6679,0.39
10409,0.49
5164,0.48
10441,0.41
3767,0.44
4170,0.43
5521,0.55
10921,0.57
9648,0.38
2633,1.0
4393,0.51
7295,0.57
5055,0.53
10578,0.39
5869,0.36
10483,0.44
5128,0.67
3287,0.52
10496,0.33
1237,0.98
1011,1.0
6256,0.57
3650,0.38
5168,0.42
10183,0.61
9413,0.7
9435,0.41
5672,0.37
8752,0.57
2821,1.0
45,1.0
9261,0.66
207,0.96
5318,0.46
3795,0.26
4419,0.37
6654,0.3
1453,1.0
5736,0.29
6618,0.49
6173,0.68
7381,0.38
6199,0.52
8542,0.53
7384,0.46
3675,0.24
25,1.0
10538,0.49
8443,0.44
4777,0.43
10531,0.44
2915,1.0
7711,0.61
3834,0.36
1266,1.0
4508,0.22
4850,0.6
6122,0.44
9182,0.48
164,0.95
8045,0.55
7704,0.59
6371,0.61
5438,0.42
2329,0.94
4979,0.44
225,1.0
7691,0.62
10922,0.29
10076,0.53
3738,0.39
8198,0.5
206,0.93
1414,1.0
3211,0.49
8998,0.26
682,1.0
7486,0.36
3833,0.38
6895,0.55
2844,1.0
10721,0.51
6176,0.44
6100,0.28
2819,0.97
10607,0.45
9398,0.3
5266,0.44
5329,0.54
1810,1.0
1153,1.0
382,1.0
2112,1.0
4707,0.37
5166,0.63
2656,0.96
4292,0.54
6936,0.3
9348,0.4
7735,0.6
7239,0.26
10455,0.7
4526,0.54
978,1.0
1558,1.0
4127,0.53
4295,0.37
7012,0.4
1188,0.98
9217,0.64
9276,0.36
9402,0.53
3397,0.44
1942,1.0
5326,0.48
640,1.0
4101,0.46
10030,0.28
6507,0.6
7119,0.55
8891,0.35
3947,0.43
4202,0.33
7393,0.58
4195,0.39
2571,1.0
8739,0.5
3990,0.66
8510,0.4
10168,0.53
5003,0.62
10465,0.62
10595,0.25
429,1.0
3129,1.0
7676,0.52
8759,0.46
9867,0.46
976,0.99
5693,0.54
8541,0.49
5411,0.37
2260,1.0
9657,0.56
8944,0.38
6876,0.55
9446,0.41
7067,0.39
1413,0.94
8694,0.43
5484,0.59
10723,0.55
4360,0.37
450,1.0
8195,0.56
5867,0.55
8554,0.43
9631,0.63
2634,1.0
6744,0.41
854,0.9
484,1.0
9296,0.51
6788,0.59
9372,0.35
4001,0.62
1794,1.0
4124,0.38
6041,0.54
6051,0.52
4973,0.62
9211,0.29
10207,0.52
1547,1.0
944,1.0
5489,0.61
6287,0.47
9797,0.36
4755,0.49
6118,0.46
6837,0.52
3703,0.45
3962,0.46
5932,0.42
7712,0.62
8644,0.27
8691,0.43
9605,0.37
4909,0.47
7026,0.35
9438,0.48
5490,0.47
1704,1.0
6700,0.38
4512,0.38
32,1.0
10682,0.42
3628,0.45
4797,0.54
9137,0.57
8062,0.44
10968,0.38
4037,0.59
4243,0.66
6892,0.68
2120,1.0
7335,0.25
2630,0.99
3435,0.46
3469,0.42
4994,0.49
10756,0.49
10505,0.55
616,1.0
6756,0.29
2072,1.0
2200,0.99
3300,0.58
10479,0.44
6191,0.39
5312,0.33
10385,0.59
5031,0.55
10490,0.41
7481,0.56
8213,0.24
9465,0.38
9658,0.38
6421,0.38
892,1.0
9226,0.42
8764,0.51
504,1.0
3918,0.52
279,1.0
10843,0.26
6281,0.45
8987,0.51
5988,0.45
8732,0.46
9030,0.36
4387,0.25
5873,0.48
4831,0.49
10210,0.41
3655,0.49
10862,0.37
1688,1.0
9214,0.63
5240,0.37
2885,1.0
4505,0.39
5507,0.67
4796,0.39
4531,0.42
10193,0.44
1052,1.0
5585,0.49
968,1.0
9005,0.49
10789,0.52
10967,0.36
5039,0.42
3913,0.49
5570,0.4
10042,0.33
8611,0.31
2756,1.0
1677,0.93
9232,0.65
1525,1.0
7535,0.56
9839,0.49
9700,0.51
10069,0.54
1620,0.97
5573,0.38
2466,1.0
5866,0.58
8600,0.32
5260,0.53
2642,1.0
9659,0.53
9024,0.44
5175,0.56
292,1.0
4679,0.54
10232,0.41
6954,0.37
1086,1.0
5350,0.58
7382,0.43
8437,0.27
997,1.0
5105,0.4
4309,0.58
2365,0.97
9131,0.55
6506,0.53
7674,0.51
894,1.0
8986,0.55
9682,0.56
8756,0.43
2686,1.0
4820,0.7
79,0.99
1886,1.0
3881,0.56
7729,0.47
6822,0.4
9486,0.19
2945,1.0
1598,1.0
6322,0.37
884,0.99
6363,0.3
7116,0.39
2139,1.0
6720,0.45
8309,0.58
1112,0.99
5928,0.23
635,0.98
6093,0.48
7938,0.38
165,1.0
7430,0.21
3519,0.51
1048,1.0
1623,1.0
2342,1.0
6907,0.47
595,0.99
7223,0.42
655,0.98
2228,1.0
10793,0.3
9437,0.44
10348,0.34
6336,0.3
5955,0.41
4200,0.48
10061,0.38
3837,0.48
7431,0.43
6574,0.31
5491,0.39
7327,0.63
7732,0.47
3996,0.32
1073,0.97
6650,0.3
1428,0.93
3949,0.54
3588,0.4
7967,0.51
3312,0.49
8133,0.48
2343,1.0
10129,0.52
9862,0.51
310,1.0
9172,0.39
2909,1.0
6415,0.44
5145,0.5
10560,0.48
8807,0.45
9789,0.26
7276,0.46
8670,0.44
10672,0.34
9823,0.35
7970,0.35
6455,0.56
4536,0.56
6414,0.36
8138,0.44
3028,0.98
6053,0.5
5930,0.58
7917,0.52
4548,0.5
7351,0.57
10876,0.4
3550,0.35
5113,0.5
2353,0.98
2265,0.99
10535,0.46
8316,0.54
10047,0.46
2285,0.97
3832,0.58
4184,0.52
10203,0.47
603,1.0
9069,0.32
2747,0.98
10377,0.46
1234,0.94
5400,0.67
5513,0.68
9832,0.62
10676,0.6
6526,0.55
3353,0.57
201,0.96
5701,0.4
7918,0.44
7102,0.41
1543,1.0
3906,0.43
9620,0.48
8953,0.63
7877,0.42
3843,0.53
10121,0.52
8375,0.43
1170,1.0
5256,0.52
7046,0.56
2185,1.0
10114,0.47
7924,0.57
6748,0.54
7398,0.53
10303,0.43
3741,0.38
849,1.0
3313,0.52
2719,1.0
10548,0.4
7862,0.53
7567,0.53
2725,0.97
6395,0.31
2498,0.96
1897,0.99
9169,0.57
2070,1.0
4630,0.44
3651,0.36
10005,0.32
2250,1.0
7440,0.37
3048,1.0
2125,1.0
2354,1.0
8160,0.23
10903,0.51
4324,0.51
9161,0.37
5414,0.41
5748,0.65
5425,0.55
8389,0.54
850,0.99
4705,0.32
4416,0.45
3786,0.45
10575,0.42
2661,0.95
1506,1.0
9142,0.56
3413,0.52
7596,0.52
8601,0.4
4053,0.55
431,1.0
3452,0.63
6838,0.63
1204,1.0
1387,0.99
8667,0.52
3594,0.53
5881,0.5
8777,0.36
638,1.0
8432,0.33
6445,0.37
1124,1.0
6732,0.4
10242,0.53
3689,0.51
7461,0.35
10342,0.47
8910,0.55
1832,1.0
585,1.0
658,0.97
558,0.99
9016,0.44
2540,0.99
6655,0.51
9418,0.49
10751,0.4
2432,1.0
3828,0.69
3081,1.0
6944,0.66
10224,0.34
8452,0.46
10923,0.43
1433,0.97
3798,0.42
8175,0.41
7194,0.43
4510,0.46
8885,0.44
1228,1.0
1647,0.99
352,1.0
966,1.0
17,0.99
2155,1.0
841,0.98
9601,0.42
5886,0.46
287,1.0
5277,0.56
1808,1.0
1510,1.0
3506,0.26
5483,0.59
5858,0.37
7505,0.35
6161,0.55
2123,1.0
4798,0.58
1375,0.99
4369,0.6
2117,1.0
1005,1.0
3422,0.33
3182,0.61
2764,1.0
5002,0.46
8216,0.37
410,0.92
8367,0.4
2269,0.93
4052,0.33
1270,1.0
53,1.0
1993,0.98
10140,0.31
5813,0.56
9709,0.4
3455,0.5
6420,0.45
9381,0.31
9057,0.49
3210,0.48
10909,0.48
7882,0.66
3322,0.48
2023,1.0
1789,1.0
7449,0.38
3671,0.41
7579,0.48
2560,0.96
946,1.0
10045,0.47
7495,0.65
1572,1.0
8012,0.49
9489,0.52
8185,0.39
8642,0.56
6950,0.54
7673,0.45
7844,0.35
10570,0.5
10737,0.38
2513,1.0
8381,0.51
4110,0.46
6121,0.44
4357,0.36
9153,0.42
5582,0.57
3504,0.47
4475,0.53
4402,0.38
8320,0.36
6768,0.35
4009,0.42
6007,0.5
10794,0.4
1462,1.0
4962,0.5
7188,0.6
6243,0.52
1635,0.91
9607,0.2
8886,0.52
6404,0.61
7785,0.32
6593,0.47
929,1.0
200,0.94
3138,0.72
4984,0.51
2470,1.0
8194,0.39
6967,0.45
1275,1.0
8232,0.49
6942,0.31
3787,0.3
1109,1.0
7375,0.47
8369,0.5
3314,0.42
4459,0.36
6745,0.37
9885,0.5
6292,0.47
9630,0.51
493,1.0
9558,0.65
475,0.94
7138,0.49
4181,0.32
4166,0.39
6338,0.41
513,0.97
6997,0.52
1416,1.0
7142,0.53
768,1.0
4583,0.34
4185,0.35
3763,0.43
2291,1.0
143,1.0
9047,0.64
10336,0.27
2825,1.0
8358,0.32
2099,1.0
6412,0.47
4659,0.48
9458,0.45
5237,0.59
9619,0.57
415,0.99
2359,1.0
6210,0.48
2533,1.0
6032,0.57
4125,0.37
1140,1.0
5012,0.46
7459,0.39
10198,0.53
1032,0.97
7400,0.43
3288,0.63
2143,1.0
4063,0.24
6812,0.63
6391,0.55
8244,0.56
2455,1.0
5024,0.58
9228,0.27
8584,0.34
1935,1.0
1607,1.0
6439,0.47
1445,1.0
2761,1.0
10604,0.34
5234,0.42
3064,1.0
9329,0.54
3166,0.56
2319,1.0
3239,0.55
6631,0.39
1933,1.0
7411,0.44
2350,1.0
5462,0.31
6341,0.35
7023,0.35
4863,0.41
1389,1.0
1490,0.98
1872,1.0
6355,0.54
1873,0.96
8242,0.46
1094,1.0
10859,0.36
5434,0.46
7780,0.56
9572,0.5
4624,0.41
6475,0.34
9285,0.42
4289,0.33
10334,0.33
3068,0.93
795,1.0
2218,1.0
2891,1.0
9340,0.32
3267,0.51
2232,0.99
2217,1.0
9698,0.35
5487,0.28
860,1.0
560,1.0
4577,0.33
1236,1.0
5878,0.48
118,1.0
10402,0.47
7298,0.54
5473,0.59
3997,0.43
8870,0.73
4656,0.44
1617,1.0
10950,0.6
7413,0.41
1196,1.0
7483,0.54
742,0.98
8983,0.5
523,0.98
4311,0.43
10359,0.44
7880,0.45
318,0.99
3233,0.52
8991,0.47
10243,0.29
1093,1.0
9051,0.32
798,1.0
10468,0.44
5141,0.63
10894,0.48
5033,0.58
1867,1.0
10325,0.64
1630,1.0
8514,0.41
9427,0.54
5709,0.43
9802,0.34
3942,0.42
7771,0.45
5241,0.3
3025,0.98
8969,0.31
8075,0.64
8484,0.42
7153,0.39
5855,0.66
7303,0.58
7325,0.37
569,1.0
7597,0.41
1430,0.93
6913,0.65
3356,0.3
4366,0.72
5977,0.56
1355,1.0
3212,0.54
5925,0.39
1901,1.0
80,1.0
9868,0.44
2481,0.99
5533,0.68
4172,0.2
3590,0.36
8422,0.39
3460,0.51
3347,0.45
711,1.0
10304,0.71
2813,1.0
3306,0.33
1740,1.0
7757,0.63
4019,0.39
4943,0.53
10094,0.33
943,1.0
2961,1.0
1822,1.0
1603,0.97
1874,1.0
5476,0.32
508,0.98
4085,0.46
4119,0.39
2757,0.93
6068,0.32
1333,1.0
4374,0.51
9722,0.41
275,1.0
7824,0.48
4128,0.44
6870,0.58
4378,0.48
10704,0.61
7113,0.45
637,1.0
3511,0.35
915,1.0
7246,0.54
9423,0.48
7812,0.48
8977,0.34
6364,0.37
4236,0.39
9493,0.4
6927,0.43
2694,1.0
409,1.0
1987,1.0
9790,0.57
5291,0.43
2230,1.0
7577,0.36
8286,0.5
518,1.0
10549,0.43
10534,0.45
5907,0.46
6430,0.36
780,1.0
7121,0.51
3440,0.74
2628,1.0
7819,0.4
3091,1.0
2201,0.99
4964,0.51
10423,0.35
2532,1.0
344,1.0
5222,0.49
1795,0.99
3872,0.48
4710,0.41
9627,0.45
7179,0.53
337,0.99
3839,0.4
1180,1.0
5626,0.16
6276,0.59
7604,0.48
7042,0.58
7315,0.31
6922,0.47
1049,1.0
8400,0.31
2333,1.0
7218,0.43
6498,0.28
1158,1.0
1804,1.0
2209,1.0
2366,0.98
2590,1.0
61,1.0
6660,0.55
7818,0.43
3103,1.0
3889,0.38
4499,0.48
8981,0.36
3264,0.63
7833,0.49
9818,0.46
9895,0.35
5734,0.52
7949,0.3
8332,0.5
2062,1.0
7149,0.38
7687,0.36
3890,0.3
7526,0.44
8932,0.61
9760,0.37
4133,0.39
3055,1.0
9129,0.38
4931,0.5
767,1.0
5846,0.47
5976,0.42
6979,0.45
5909,0.41
761,1.0
1344,1.0
9343,0.58
3527,0.41
9009,0.36
4882,0.47
2137,1.0
4239,0.6
1875,1.0
6570,0.39
3110,1.0
9927,0.24
4533,0.51
876,0.99
7847,0.39
10112,0.44
1283,1.0
4770,0.43
10799,0.37
294,1.0
4417,0.36
1990,0.99
4282,0.41
10847,0.48
2107,0.95
9190,0.48
3617,0.44
7921,0.48
6836,0.48
2282,0.99
10554,0.49
8,1.0
6204,0.4
4441,0.26
9487,0.25
5464,0.39
6491,0.52
9278,0.39
788,1.0
10088,0.29
7391,0.51
10593,0.45
3165,0.47
2295,1.0
2937,1.0
6214,0.61
3585,0.36
8481,0.51
5070,0.37
4152,0.22
10954,0.46
2933,0.99
10638,0.49
4782,0.38
6190,0.46
8401,0.41
6282,0.64
5735,0.55
6863,0.41
8115,0.42
1494,0.95
3610,0.37
832,1.0
6575,0.49
2713,0.99
9089,0.45
735,0.94
7244,0.48
6223,0.66
1782,1.0
4780,0.38
2405,1.0
10666,0.38
9233,0.44
5363,0.55
6567,0.4
7532,0.31
855,1.0
10927,0.51
2566,1.0
10856,0.28
9696,0.36
6005,0.31
10016,0.52
1381,0.91
9861,0.4
1728,1.0
4267,0.31
49,0.96
492,1.0
10651,0.6
10978,0.2
9463,0.36
3146,0.56
6730,0.43
4894,0.43
3191,0.55
6839,0.47
10116,0.44
10610,0.56
3756,0.26
8465,0.6
5172,0.33
3943,0.31
2078,1.0
1798,0.91
10677,0.61
1615,0.94
8548,0.3
2993,1.0
6896,0.55
7426,0.55
1113,1.0
6303,0.57
6571,0.53
2541,1.0
10747,0.43
7739,0.41
10616,0.47
5261,0.38
3855,0.3
10788,0.46
3007,1.0
826,1.0
2149,0.98
5990,0.33
3024,0.97
9651,0.42
4757,0.49
7946,0.61
1656,1.0
2901,0.95
9032,0.42
6968,0.33
4075,0.5
4542,0.57
4504,0.39
2739,1.0
8863,0.36
319,1.0
6528,0.41
1556,0.99
9039,0.32
9749,0.34
7571,0.38
3268,0.55
7939,0.45
456,1.0
1244,0.98
2345,0.99
2892,1.0
2398,1.0
6123,0.43
2056,1.0
6302,0.51
8029,0.45
384,1.0
2040,1.0
8388,0.56
2310,0.99
8913,0.51
6513,0.52
5599,0.47
945,0.97
8502,0.51
8256,0.64
1258,1.0
9264,0.12
4911,0.52
9159,0.57
2492,1.0
4852,0.54
8236,0.48
8441,0.44
7959,0.43
42,0.99
10512,0.39
2525,0.97
9194,0.47
7051,0.4
3691,0.63
2386,1.0
1648,1.0
7204,0.47
2830,1.0
10818,0.53
10134,0.34
401,1.0
4197,0.4
3383,0.63
5641,0.41
4215,0.38
10189,0.44
7652,0.36
490,1.0
2932,1.0
4005,0.44
7316,0.51
4060,0.5
3190,0.5
8799,0.39
5501,0.5
835,1.0
2740,1.0
9910,0.36
218,1.0
810,1.0
9258,0.54
737,0.97
5419,0.4
4451,0.6
8865,0.4
9200,0.46
10390,0.47
9466,0.39
7779,0.32
3826,0.43
2126,1.0
3000,1.0
10635,0.36
4329,0.32
9947,0.28
1487,1.0
2762,1.0
124,1.0
8415,0.32
5275,0.47
8722,0.53
8666,0.39
9500,0.54
9909,0.35
7977,0.45
2348,1.0
4356,0.57
6499,0.58
4425,0.39
6459,0.22
353,1.0
8966,0.26
8447,0.39
2086,1.0
9015,0.49
1374,1.0
5053,0.35
57,1.0
10874,0.34
6189,0.45
5374,0.61
7040,0.55
8659,0.46
2140,0.99
4313,0.57
4190,0.22
7049,0.49
8501,0.34
743,0.99
2526,1.0
738,0.95
2640,1.0
541,1.0
3860,0.35
5726,0.43
5959,0.35
5037,0.38
9777,0.48
6602,0.42
9741,0.45
3623,0.3
4733,0.51
2547,1.0
9374,0.3
6290,0.47
7982,0.53
8617,0.59
9037,0.43
2677,0.95
175,1.0
9407,0.47
6566,0.39
6034,0.51
7966,0.56
2160,1.0
9263,0.47
7989,0.46
6772,0.46
7681,0.46
8638,0.62
7162,0.32
10947,0.62
4325,0.49
2270,1.0
8289,0.43
670,1.0
965,0.98
8221,0.56
5167,0.4
255,1.0
10713,0.46
10870,0.54
359,1.0
6351,0.46
1814,1.0
8217,0.42
145,1.0
6881,0.62
2954,1.0
4083,0.34
5989,0.32
7563,0.29
8303,0.53
8149,0.22
2267,0.98
9083,0.4
7163,0.5
4721,0.44
10117,0.39
6605,0.61
4696,0.35
4269,0.45
10282,0.3
8697,0.49
3161,0.57
5121,0.42
3904,0.38
6042,0.65
9113,0.21
3284,0.39
6413,0.52
9756,0.39
286,1.0
3769,0.45
6044,0.66
4727,0.44
4769,0.51
2670,1.0
1888,1.0
6701,0.19
4569,0.43
2524,0.94
4515,0.38
3758,0.47
10299,0.39
7212,0.65
2132,1.0
8758,0.34
972,0.99
5880,0.54
4868,0.41
6285,0.39
9280,0.31
7358,0.48
7963,0.54
10451,0.73
10988,0.21
8531,0.44
5020,0.46
2164,0.99
4947,0.36
2758,1.0
10628,0.29
5290,0.46
10942,0.49
853,1.0
3276,0.43
1103,1.0
7753,0.43
8044,0.38
3235,0.36
4838,0.29
10171,0.47
9923,0.39
8853,0.47
2418,1.0
1160,1.0
1130,1.0
987,1.0
8728,0.41
3204,0.49
5775,0.38
81,1.0
7396,0.45
7890,0.56
2131,1.0
7066,0.4
6943,0.45
5283,0.43
460,1.0
10699,0.45
5093,0.37
9771,0.27
2299,0.99
5910,0.28
3676,0.41
3917,0.35
7224,0.59
9139,0.38
7668,0.38
3823,0.43
5300,0.55
3278,0.34
1227,1.0
4106,0.3
1392,0.96
4835,0.38
3424,0.41
6483,0.35
6946,0.19
3621,0.5
729,1.0
3815,0.48
5265,0.32
10166,0.59
2970,1.0
675,0.98
5546,0.65
4702,0.37
2843,1.0
10388,0.47
8417,0.54
9160,0.36
7227,0.33
5046,0.22
6861,0.37
4352,0.41
10991,0.45
5453,0.34
10885,0.47
7695,0.35
330,1.0
4409,0.25
8615,0.34
10819,0.45
8740,0.47
2193,0.96
1488,0.94
2871,1.0
4253,0.37
597,1.0
1554,0.99
10477,0.31
8893,0.5
3605,0.45
7201,0.68
1366,0.98
8724,0.5
1265,1.0
33,1.0
9991,0.54
7728,0.54
833,0.94
10509,0.29
1537,1.0
10816,0.49
4651,0.48
9354,0.26
3785,0.53
7456,0.57
10099,0.26
4174,0.55
8021,0.53
10421,0.44
213,1.0
7663,0.38
4995,0.62
5820,0.66
350,1.0
4108,0.47
5373,0.48
1301,1.0
7433,0.36
1348,1.0
8992,0.55
7302,0.35
3077,0.96
8522,0.42
7637,0.33
10127,0.49
1012,1.0
9707,0.54
2602,1.0
6738,0.47
9565,0.45
8608,0.45
5468,0.38
2906,1.0
10466,0.45
7467,0.43
2918,1.0
6218,0.44
10435,0.52
4800,0.6
9428,0.36
4294,0.58
774,1.0
10105,0.41
807,1.0
5548,0.34
1835,1.0
9492,0.14
1106,0.99
2431,1.0
10715,0.54
6275,0.43
9373,0.47
2311,1.0
2005,0.97
6427,0.57
5169,0.49
3572,0.62
8287,0.59
5379,0.28
2538,1.0
10206,0.26
3031,1.0
9719,0.42
1461,1.0
576,0.93
9197,0.5
14,0.97
787,1.0
7338,0.36
2272,1.0
2251,1.0
5459,0.46
6129,0.37
762,1.0
1507,1.0
5611,0.49
9392,0.56
8916,0.37
3271,0.5
10262,0.29
1518,0.98
5515,0.43
7648,0.52
2626,1.0
5072,0.26
4224,0.4
1070,1.0
9647,0.5
1758,1.0
2313,1.0
725,1.0
820,1.0
3668,0.47
6373,0.43
2067,0.96
9289,0.36
8162,0.62
10854,0.47
5365,0.31
407,1.0
10839,0.21
3385,0.68
2465,0.98
7502,0.53
10008,0.59
3381,0.32
6298,0.41
8229,0.32
2798,0.99
6157,0.34
5606,0.38
5382,0.55
8679,0.44
4340,0.45
8095,0.37
8843,0.47
6947,0.58
9405,0.46
5652,0.49
6076,0.47
3018,0.98
9461,0.46
10857,0.3
6156,0.35
2448,0.98
3733,0.57
843,1.0
5590,0.42
6687,0.44
9267,0.35
7763,0.19
5471,0.44
3773,0.54
6640,0.57
5632,0.4
7555,0.6
2616,0.89
4730,0.48
4222,0.37
7299,0.55
10920,0.32
2360,1.0
2187,1.0
10725,0.43
3337,0.58
113,1.0
9251,0.41
4486,0.48
6479,0.51
4430,0.34
3933,0.5
6318,0.5
7115,0.46
4789,0.57
5668,0.65
8038,0.49
7923,0.24
4480,0.48
452,1.0
1861,0.96
6229,0.34
808,0.98
7243,0.41
7523,0.54
8247,0.47
162,1.0
4290,0.41
3911,0.56
8795,0.5
10346,0.49
4275,0.44
1406,1.0
6198,0.56
689,0.99
10293,0.39
3570,0.67
83,1.0
10687,0.46
10622,0.54
10809,0.35
9001,0.5
4886,0.36
238,0.95
10855,0.39
4296,0.31
509,1.0
6612,0.61
7441,0.53
1274,1.0
9314,0.29
7816,0.65
7152,0.46
4062,0.38
3429,0.39
673,0.96
8368,0.36
9677,0.41
323,1.0
106,1.0
4879,0.42
2351,1.0
9008,0.54
7289,0.58
10985,0.33
8505,0.3
1059,1.0
5798,0.4
3352,0.42
4288,0.31
6177,0.38
8711,0.43
5835,0.28
10683,0.31
1394,1.0
3893,0.36
1081,1.0
8478,0.4
9102,0.29
3641,0.35
2314,0.97
8335,0.34
7929,0.28
366,1.0
3444,0.45
1957,0.99
4227,0.33
4280,0.36
2347,0.99
3846,0.69
10880,0.42
2916,1.0
6451,0.41
6039,0.65
8712,0.4
10153,0.48
3634,0.33
8555,0.54
3326,0.37
2797,1.0
7901,0.4
9779,0.29
2302,1.0
4632,0.45
1138,1.0
1532,1.0
8569,0.44
2307,1.0
3338,0.28
1548,1.0
9639,0.47
2388,1.0
1660,0.99
3984,0.49
9365,0.36
1038,1.0
875,1.0
9919,0.57
1001,1.0
1061,1.0
9945,0.19
8960,0.39
5409,0.31
947,1.0
3479,0.57
8440,0.33
4974,0.16
176,0.97
4261,0.48
10391,0.43
5943,0.43
380,1.0
10024,0.36
657,1.0
5349,0.5
8822,0.54
10276,0.39
3061,1.0
8448,0.33
10952,0.48
2519,0.95
9979,0.56
7371,0.4
5415,0.42
2084,1.0
5819,0.6
4762,0.42
535,1.0
8938,0.29
9332,0.42
2096,0.99
7005,0.36
5833,0.59
3807,0.4
6572,0.59
6134,0.59
7764,0.57
327,1.0
1034,1.0
3214,0.54
7688,0.42
9433,0.46
2981,0.99
8979,0.39
6582,0.5
3405,0.43
6977,0.36
1684,0.98
3425,0.42
1072,1.0
10056,0.45
7550,0.31
7887,0.25
1541,0.96
2318,0.98
6676,0.34
2610,1.0
3406,0.69
10395,0.28
3646,0.36
573,1.0
